Algorithm,Arrival Pattern,Avg. Latency (ms),Intent Fulfillment,Avg. Link Utilization,Max Link Utilization
CAVP-IB-QoS,uniform,30.56,1.00,0.16,1.95
CAVP-IB-QoS,poisson,30.84,0.99,0.18,2.29
CAVP-IB-QoS,periodic,25.07,0.90,0.04,1.17
CAVP-IB-QoS,batch,16.58,0.50,0.07,2.47
WFQ,uniform,31.79,0.86,0.25,2.85
WFQ,poisson,33.95,0.83,0.27,3.26
WFQ,periodic,29.29,0.82,0.07,1.88
WFQ,batch,19.12,0.51,0.15,3.24
PriorityQueueing,uniform,33.06,0.91,0.30,3.05
PriorityQueueing,poisson,34.56,0.89,0.32,4.24
PriorityQueueing,periodic,27.27,0.80,0.07,2.12
PriorityQueueing,batch,20.61,0.56,0.19,4.06
StaticAllocation,uniform,32.79,0.00,0.82,7.52
StaticAllocation,poisson,32.01,0.00,0.84,5.78
StaticAllocation,periodic,22.99,0.00,0.14,6.12
StaticAllocation,batch,21.55,0.00,0.52,8.41
