{
    "NUM_RUNS": 20,
    "NUM_STEPS": 20,
    "ALGORITHM_NAMES": [
        "CAVP-IB-QoS",
        "WFQ",
        "PriorityQueueing",
        "StaticAllocation"
    ],
    "BANDWIDTH_REQ_RANGE": [
        10,
        40
    ],
    "BW_CHANGE_PROB": 0.2,
    "LATENCY_SENSITIVITIES": [
        "High",
        "Medium",
        "Low"
    ],
    "FLOW_PRIORITIES": [
        "High",
        "Medium",
        "Low"
    ],
    "RANDOM_SEED": 42,
    "NETWORK_TOPOLOGY": {
        "A": {
            "B": {
                "capacity": 100,
                "latency": 10
            },
            "C": {
                "capacity": 80,
                "latency": 15
            }
        },
        "B": {
            "A": {
                "capacity": 100,
                "latency": 10
            },
            "D": {
                "capacity": 90,
                "latency": 12
            },
            "E": {
                "capacity": 110,
                "latency": 18
            }
        },
        "C": {
            "A": {
                "capacity": 80,
                "latency": 15
            },
            "F": {
                "capacity": 120,
                "latency": 20
            }
        },
        "D": {
            "B": {
                "capacity": 90,
                "latency": 12
            },
            "G": {
                "capacity": 100,
                "latency": 10
            }
        },
        "E": {
            "B": {
                "capacity": 110,
                "latency": 18
            },
            "F": {
                "capacity": 95,
                "latency": 14
            },
            "H": {
                "capacity": 105,
                "latency": 16
            }
        },
        "F": {
            "C": {
                "capacity": 120,
                "latency": 20
            },
            "E": {
                "capacity": 95,
                "latency": 14
            },
            "I": {
                "capacity": 85,
                "latency": 22
            }
        },
        "G": {
            "D": {
                "capacity": 100,
                "latency": 10
            },
            "H": {
                "capacity": 80,
                "latency": 8
            }
        },
        "H": {
            "E": {
                "capacity": 105,
                "latency": 16
            },
            "G": {
                "capacity": 80,
                "latency": 8
            },
            "I": {
                "capacity": 115,
                "latency": 18
            }
        },
        "I": {
            "F": {
                "capacity": 85,
                "latency": 22
            },
            "H": {
                "capacity": 115,
                "latency": 18
            }
        }
    }
}